columna,valores
string,number
Rendimiento,17.72367877974496
PrecioClean,10.366124894261356
InteresCorrido,3.7726027397260276
Duration,0.6625425916073897
